quote_id,doc_id,code
1:1,gichx7t,
2:1,gici4em,
3:1,gid6uab,
4:1,gicirlb,
5:1,gicit22,
82:1,giciwms,
83:1,giciypc,
84:2,gicj02y,
85:1,gicj2v8,
86:1,gicj2wa,
88:2,gicj4h6,
88:3,gicj4h6,
88:4,gicj4h6,
89:1,gicj75z,
90:1,gicjbd8,
91:1,gickpdg,
92:1,gicneb0,
93:1,gicob81,
94:1,gicomfa,
95:1,gicp346,
96:1,gicqoto,
97:1,gicqqko,
98:1,gicr5ku,
99:1,gicrbz6,
100:1,gics99a,
101:1,gicsg37,
102:1,gicvoaj,
103:1,gicw334,
104:1,gicw4sc,
105:1,gicxt2a,
106:1,gicxums,
107:1,gicy83y,
108:1,gicydiw,
109:1,gicyi36,
110:1,gicykes,
111:1,gicz7mh,
112:1,gicz9fa,
113:1,gil05f2,
114:1,gil0o84,
115:1,gilb9m4,
116:1,gilelpm,
117:1,gilw69k,
118:1,gilwa4g,
119:1,gilwfga,
120:1,gilyz4h,
121:1,gilz2mc,
122:1,gilzlyr,
123:1,gio1qed,
124:1,gio1qon,
125:1,gjdrnor,
126:1,gicj8zx,
126:2,gicj8zx,
126:3,gicj8zx,
126:4,gicj8zx,
126:5,gicj8zx,
126:6,gicj8zx,
126:7,gicj8zx,
126:8,gicj8zx,
126:9,gicj8zx,
126:10,gicj8zx,
127:1,gicj9gy,
128:1,gicjfc0,
129:1,gicjhxd,
130:1,gicjk03,
131:1,gicjkle,
132:1,gickr89,
133:1,gicjnzb,
134:1,gicjq3d,
135:1,gicjrsw,
136:1,gicjt5v,
136:2,gicjt5v,
137:1,gicjwna,
138:1,gick0p6,
139:2,gickh2c,
140:1,gicot9e,
141:1,gicqhq1,
142:1,gicqjhf,
143:1,gicsbey,
144:1,gicscqy,
145:1,gicso9b,
146:1,gict4t8,
147:1,gicvizx,
148:1,gicvl55,
149:1,gicx6bb,
150:1,gicx7ld,
151:1,gisjvc0,
152:1,giwh295,
153:1,gick3zz,
154:1,gick77h,
154:2,gick77h,
154:3,gick77h,
154:5,gick77h,
155:1,gick7fj,
156:1,gickax9,
158:1,gickim9,
159:1,gickkkd,
160:1,gicmb2q,
161:1,gicqkxc,
162:1,gicslom,
163:1,gictwzv,
164:1,gicv91b,
165:1,gicx5wa,
166:1,gicxd5p,
167:1,gicxxmp,
168:1,gilw0zz,
169:1,gion81n,
170:1,gip3zon,
171:1,gip69e2,
172:1,giqixg2,
173:1,giqj45j,
174:1,gickn4f,
175:1,gickr9i,
175:2,gickr9i,
175:3,gickr9i,
175:4,gickr9i,
175:5,gickr9i,
176:1,gicksb4,
177:1,gickvfg,
178:1,gickx05,
178:2,gickx05,
178:3,gickx05,
179:1,gickx4z,
181:1,gicl2b5,
182:1,gicl4qe,
183:1,gicl81a,
184:2,giclax5,
185:1,gicldxq,
186:1,gicljpg,
187:1,giclp7u,
187:2,giclp7u,
187:3,giclp7u,
187:4,giclp7u,
188:1,gicly26,
189:1,giclzl1,
190:1,gicm3gq,
190:2,gicm3gq,
191:1,gicm4bm,
192:1,gicm87o,
193:1,gicm8ko,
194:1,gicm9fv,
194:2,gicm9fv,
195:1,gicmdyt,
196:1,gicmgfj,
197:1,gicmipi,
198:1,gicmldm,
199:1,gicmpig,
199:2,gicmpig,
200:1,gicmpt6,
201:2,gicms5x,
202:1,gicmzjo,
203:1,gicn1hh,
204:2,gicn55x,
205:1,gicnbx0,
205:3,gicnbx0,
207:1,gicne7f,
208:1,gicnge6,
209:1,gicngfs,
210:1,gicnlxw,
211:1,gicnn67,
212:1,gicnqak,
213:1,gicnrn1,
214:1,gicnuhd,
215:1,gicnvyp,
216:1,gico0iu,
217:1,gico1n5,
218:1,gicobgw,
218:3,gicobgw,
219:1,gicodcn,
220:1,gicoi70,
221:1,gicoqsg,
222:1,gicor7l,
223:2,gicovyt,
223:3,gicovyt,
223:4,gicovyt,
223:6,gicovyt,
223:7,gicovyt,
224:1,gicoyd1,
225:2,gicpd92,
226:1,gicph8m,
227:2,gicpnvp,
228:2,gicponm,
228:3,gicponm,
229:1,gicpqcx,
230:1,gicpsng,
231:1,gicptiq,
232:1,gicpxr8,
233:1,gicpz3z,
233:2,gicpz3z,
233:3,gicpz3z,
233:4,gicpz3z,
234:1,gicq1de,
235:2,gicq1ns,
235:3,gicq1ns,
236:1,gicq2n7,
237:1,gicq58v,
238:1,gicq5kh,
239:1,gicq6r7,
240:1,gicq6yt,
240:3,gicq6yt,
240:5,gicq6yt,
241:1,gicq700,
242:3,gicq8t3,
243:1,gicq8vx,
244:1,gicqbgt,
245:2,gicqci8,
246:1,gicqes0,
247:2,gicqi36,
248:2,giejlqh,
249:1,giejtvw,
250:1,giejxug,
251:1,giek1de,
252:1,giekia8,
253:1,giekso0,
254:1,gielvv7,
256:1,gicqjea,
256:2,gicqjea,
257:1,gicqlkw,
258:2,gicqmpf,
259:2,gict2w1,
260:1,gicvc70,
261:1,gicquf6,
262:1,gicqz80,
263:1,gicr0rp,
263:2,gicr0rp,
264:2,gicr0sa,
265:1,gicr0za,
266:1,gicr279,
266:2,gicr279,
266:3,gicr279,
266:4,gicr279,
266:5,gicr279,
267:1,gicr2n6,
267:2,gicr2n6,
268:1,gicr403,
269:1,gicr4rl,
274:1,gicr7aj,
276:1,gicr8jr,
276:2,gicr8jr,
276:3,gicr8jr,
276:7,gicr8jr,
276:8,gicr8jr,
278:2,gicrbo4,
280:2,gicrgob,
281:1,gicrhdo,
281:2,gicrhdo,
281:3,gicrhdo,
281:4,gicrhdo,
281:5,gicrhdo,
281:6,gicrhdo,
281:7,gicrhdo,
282:2,gicrhqk,
283:1,gicrjc9,
285:2,gicrnhk,
286:1,gicrnk2,
286:2,gicrnk2,
287:3,gicrns6,
288:1,gicroh0,
288:2,gicroh0,
288:3,gicroh0,
288:4,gicroh0,
288:5,gicroh0,
288:6,gicroh0,
288:7,gicroh0,
288:8,gicroh0,
289:1,gicros7,
289:2,gicros7,
290:1,gicrq1k,
291:1,gisg7i9,
292:1,gicrqhp,
292:2,gicrqhp,
293:1,gicrqll,
294:1,gicrrjr,
296:2,gicrt10,
296:3,gicrt10,
298:1,gicrtlj,
299:1,gicru5s,
300:2,gicrw4m,
301:1,gicrw9q,
302:2,gicrwa0,
303:1,gicrzpt,
303:2,gicrzpt,
303:6,gicrzpt,
304:1,gics0vr,
304:2,gics0vr,
304:3,gics0vr,
304:4,gics0vr,
304:5,gics0vr,
304:6,gics0vr,
304:7,gics0vr,
305:1,gics25v,
305:4,gics25v,
306:1,gics3cf,
308:1,gics7bv,
308:4,gics7bv,
309:1,gics7er,
310:1,gics7mz,
311:1,gics8zv,
312:1,gics9el,
313:1,gics9qj,
314:1,gicsaf3,
314:2,gicsaf3,
315:1,gicsd28,
316:1,gicsee6,
316:2,gicsee6,
317:1,gicsg43,
318:1,gicsjht,
319:2,gicsjs1,
319:3,gicsjs1,
320:1,gicskvi,
321:1,gicsnlm,
322:1,gicsogx,
323:1,gicsplk,
324:1,gicsq8a,
324:4,gicsq8a,
325:1,gicsqvp,
326:1,gicssob,
327:1,gicssou,
328:1,gicsthv,
330:1,gicsttn,
331:1,gicsw9s,
332:1,gicswr4,
332:2,gicswr4,
332:3,gicswr4,
332:4,gicswr4,
332:5,gicswr4,
332:6,gicswr4,
332:7,gicswr4,
332:8,gicswr4,
332:9,gicswr4,
332:10,gicswr4,
333:1,gicsxj2,
334:1,gicsy9w,
335:1,gicszkm,
336:1,gict2x5,
337:1,gict3op,
338:1,gict470,
339:1,gict6gl,
340:1,gict746,
341:1,gict75f,
342:1,gict7y4,
343:1,gict8vl,
344:1,gict9bf,
345:1,gictaiw,
346:1,gictbwx,
347:1,gictelh,
348:1,gicteth,
349:1,gictf3l,
350:1,gictgun,
350:2,gictgun,
351:1,gicthwv,
351:2,gicthwv,
352:1,gictji1,
353:1,gictjkc,
353:2,gictjkc,
354:1,gictka8,
355:1,gictkbl,
356:1,gictkt3,
357:1,gictkuw,
358:1,gictl7f,
358:2,gictl7f,
359:1,gictm5w,
360:1,gictmrk,
361:1,gictncr,
362:1,gictoql,
362:2,gictoql,
363:1,gictp8z,
364:1,gictsil,
364:2,gictsil,
365:2,gictsx8,
366:1,gictv15,
367:1,gictxkn,
368:1,gictxwo,
368:2,gictxwo,
369:1,gicty15,
370:1,gictyg6,
371:2,gictzhm,
372:1,gicu26q,
372:2,gicu26q,
373:1,gicu2nl,
374:2,gicu2vv,
375:1,gid53pc,
376:1,gidg22o,
377:1,gie55d4,
378:1,gicu3lq,
379:1,gicu5gi,
380:1,gicu69y,
381:1,gicu6ml,
381:2,gicu6ml,
381:3,gicu6ml,
381:4,gicu6ml,
381:5,gicu6ml,
382:1,gicubt0,
383:1,gicucc5,
383:2,gicucc5,
384:1,gicudug,
385:1,gicudw8,
386:1,gicue1s,
387:1,gicuewt,
388:1,gicuhoe,
389:1,gicuhss,
390:1,gicujki,
391:1,gicul6p,
392:1,giculz2,
393:1,gicum7n,
394:1,gicunno,
395:1,gicuq6h,
396:1,gicurn6,
397:1,gicus5h,
398:1,gicusqh,
399:1,gicuud8,
400:1,gicuujg,
401:1,gicuwga,
402:1,gicuwoe,
403:1,gicuwsp,
404:1,gicuxd2,
406:1,gicuywr,
406:2,gicuywr,
407:1,gicv1c0,
408:1,gicv2u5,
409:1,gicv3ej,
411:1,gicv5ol,
411:2,gicv5ol,
412:1,gicv720,
413:1,gicv781,
414:1,gicvb37,
415:1,gicvc53,
416:1,gicvdco,
417:1,gicvdkd,
417:2,gicvdkd,
419:1,gicvgvb,
419:2,gicvgvb,
419:3,gicvgvb,
419:4,gicvgvb,
420:1,gicvhz6,
420:2,gicvhz6,
422:1,gicvjee,
423:1,gicvkk5,
424:1,gicvlxd,
425:1,gicvn5x,
426:1,gicvsw3,
427:1,gicvt63,
428:1,gicvtm5,
429:1,gicvz6o,
430:1,gicw0pk,
431:1,gicw523,
432:1,gicw5vd,
433:1,gicw7of,
434:1,gicw9hn,
435:1,gicw9nt,
436:1,gicwa6n,
437:1,gicwbhp,
439:1,gicwgne,
439:2,gicwgne,
440:1,gicwjaj,
441:1,gicwkcn,
441:2,gicwkcn,
442:1,gicwm8g,
443:1,gicwn5u,
444:1,gicwr07,
445:1,gicwrp8,
446:1,gicwvr7,
447:1,gicwvur,
448:1,gicwzck,
449:1,gicx5wv,
449:2,gicx5wv,
449:3,gicx5wv,
449:4,gicx5wv,
450:1,gicx640,
451:1,gicx7gw,
452:1,gicx7r6,
453:1,gicx8d2,
454:1,gicxa8b,
455:1,gicxb14,
456:1,gicxecd,
458:1,gicxf6f,
459:1,gicxhpu,
460:1,gicxjda,
461:1,gicxjt4,
462:2,gicxm2e,
462:3,gicxm2e,
463:1,gicxnq7,
465:1,gicxsm4,
466:1,gicxt0b,
467:1,gicxv3g,
469:1,gicxwrg,
470:1,gicxx05,
471:1,gicxxb7,
472:1,gicxzro,
473:1,gicy17k,
474:1,gicy1bp,
475:1,gicy2hs,
475:2,gicy2hs,
476:1,gicy516,
477:1,gicy768,
477:2,gicy768,
478:1,gicy8by,
479:1,gicy9ss,
480:1,gicy9wk,
481:1,gicybk8,
482:2,gicyciy,
483:1,gicymdm,
484:1,gicynp1,
485:1,gicyocr,
486:1,gicypt7,
487:1,gicyu32,
488:1,gicyudv,
491:1,gicywfc,
492:1,gicz6k6,
494:1,giczgyx,
495:1,giczhad,
496:1,giczhlw,
497:1,giczj1b,
497:2,giczj1b,
498:1,giczk5q,
499:1,giczlck,
499:2,giczlck,
500:1,giczmdl,
501:1,giczomf,
502:1,giczsal,
506:1,giczv6b,
506:2,giczv6b,
507:1,giczv8f,
508:1,giczx9p,
509:1,giczxmj,
509:3,giczxmj,
510:1,giczye9,
511:1,giczzh7,
512:1,gid018m,
513:1,gid031v,
514:1,gid03hr,
515:1,gid06lb,
515:2,gid06lb,
515:3,gid06lb,
516:1,gid06ww,
517:1,gid0at2,
518:1,gid0bzd,
521:1,gid0h5d,
522:1,gid0hqr,
523:1,gid0i8l,
524:1,gid0jhm,
525:1,gid0k24,
526:1,gid0lb5,
527:1,gid0mgu,
528:1,gid0nhf,
529:1,gid0nl0,
531:1,gid0qlg,
532:1,gid0sa8,
533:1,gid0w4t,
534:1,gid0w7o,
535:1,gid0wi9,
535:2,gid0wi9,
536:1,gid0y3w,
537:1,gid0y7e,
538:1,gid0ywx,
539:1,gid0zpv,
541:1,gid17o7,
542:1,gid1ad6,
542:2,gid1ad6,
543:1,gid1ei4,
545:1,gid1ku8,
545:2,gid1ku8,
546:1,gid1lwi,
547:1,gid1ug2,
549:1,gid1wpc,
550:1,gid1xeo,
551:1,gid1y43,
552:1,gid1z1x,
552:2,gid1z1x,
553:1,gid21w6,
554:1,gid25im,
557:1,gid28lf,
560:1,gid2dk2,
561:1,gid2fv5,
563:1,gid2ijy,
564:1,gid2jg9,
565:1,gid2kuc,
567:1,gid2moh,
568:1,gid2p3e,
569:1,gid2pb9,
570:1,gid2pr1,
571:1,gid2tf9,
572:1,gid2vlk,
574:1,gid32n4,
575:1,gid33l1,
577:1,gid3aqz,
579:1,gid3rf4,
580:1,gid3rr5,
583:1,gid3w0e,
583:2,gid3w0e,
585:1,gid41jo,
586:1,gid4572,
587:1,gid46m5,
588:1,gid48vl,
589:1,gid4a6v,
590:1,gid4ao8,
591:1,gid4b36,
592:1,gid4csx,
593:1,gid4il8,
593:2,gid4il8,
594:1,gid4iuj,
595:1,gid4kex,
596:1,gid4n1y,
597:1,gid4p85,
598:1,gid4rcj,
599:1,gid4s2s,
602:1,gid56ri,
602:2,gid56ri,
603:1,gid5ba5,
604:1,gid5bdi,
605:1,gid5be3,
606:1,gid5cdw,
609:1,gid5f3h,
611:1,gid5iqn,
611:2,gid5iqn,
612:1,gid5tev,
614:1,gid65lc,
618:1,gid6fnf,
619:1,gid6j13,
620:1,gid6k37,
621:1,gid6khe,
622:1,gid6oky,
624:1,gid6pdy,
625:1,gid6sur,
626:1,gid6tix,
627:1,gid6ufl,
628:1,gid6ux1,
629:1,gid6woe,
630:1,gid6yaw,
631:1,gid6z61,
631:2,gid6z61,
634:1,gid72q7,
637:1,gid78j2,
638:1,gid79fz,
639:1,gid79r4,
640:1,gid7a5y,
642:1,gid7aw1,
643:1,gid7ayb,
645:1,gid7j4e,
649:1,gid7sva,
650:1,gid7wig,
651:1,gid8588,
652:1,gid87d4,
653:1,gid8aw0,
654:1,gid8bkq,
655:1,gid8cv8,
657:1,gid8fyd,
658:1,gid8jo9,
660:1,gid8o53,
662:1,gid8q5d,
664:1,gid8sos,
665:1,gid8suj,
666:1,gid8tdm,
667:1,gid8xkw,
671:1,gid9a23,
672:1,gid9cr3,
674:1,gid9gjp,
676:1,gid9o1x,
679:1,gid9vkf,
680:1,gid9vqt,
685:1,gida9ne,
686:1,gidabrg,
688:1,gidad7e,
690:1,gidajg1,
691:1,gidakc7,
694:1,gidarv3,
695:1,gidas61,
695:2,gidas61,
700:1,gidbfh8,
701:1,gidbhsj,
702:1,gidbi04,
702:2,gidbi04,
702:3,gidbi04,
703:1,gidbjs2,
704:1,gidbn8q,
705:1,gidboe9,
707:1,gidbsru,
708:1,gidbwz9,
709:1,gidbxmd,
710:1,gidby0r,
710:2,gidby0r,
710:3,gidby0r,
710:4,gidby0r,
710:5,gidby0r,
710:6,gidby0r,
710:7,gidby0r,
711:1,gidbzwy,
712:1,gidc0wd,
714:1,gidc4k7,
715:1,gidc56e,
745:1,gidcapn,
746:1,gidcbac,
747:1,gidcc0n,
748:1,gidcfop,
749:1,gidclb0,
751:1,gidcnm7,
751:2,gidcnm7,
753:1,gidcrw2,
754:1,gidcwmw,
757:1,gidd39h,
758:1,gidd67a,
759:1,gidd6ni,
760:1,gidd7be,
761:1,gidde4q,
764:1,giddmy6,
766:1,giddnwx,
767:1,giddwsg,
767:2,giddwsg,
768:1,giddz5w,
770:1,gide4em,
771:1,gidebhj,
772:1,gidecps,
773:1,gideeee,
774:1,gideekh,
775:1,gidefh6,
776:1,gideoak,
777:1,gideqgb,
778:1,gideqz6,
779:1,gideszd,
782:1,gidewbz,
783:1,gidewfi,
784:1,gidf0ah,
785:1,gidf2n3,
786:1,gidf98n,
786:2,gidf98n,
787:1,gidfc5y,
790:1,gidfjnh,
791:1,gidfosw,
792:1,gidfoxk,
793:1,gidfqm2,
794:1,gidfsyj,
796:1,gidfto1,
796:2,gidfto1,
801:1,gidg2an,
803:1,gidg9pa,
804:1,gidgagy,
805:1,gidgchg,
806:1,gidgciy,
807:1,gidgfkh,
808:2,gidgomh,
810:1,gidgovl,
811:1,gidgrqo,
812:1,gidgtq1,
813:1,gidgzmx,
813:2,gidgzmx,
814:1,gidh0ui,
816:1,gidh87t,
817:1,gidhiah,
818:1,gidhjbh,
819:1,gidhny8,
823:1,gidi5dr,
826:1,gidik6o,
827:1,gidikgk,
828:1,gidim3m,
829:1,gidir4u,
830:1,gidiv3x,
831:1,gidivmc,
832:1,gidizhf,
832:2,gidizhf,
833:1,gidj1sg,
834:1,gidj32f,
835:1,gidj56r,
839:1,gidjeny,
841:1,gidjp20,
843:1,gidju3l,
843:2,gidju3l,
846:1,gidjvyw,
847:1,gidjwbx,
849:1,gidk5lm,
850:1,gidkab1,
852:1,gidkh1g,
854:1,gidkiwp,
855:1,gidkjn2,
856:1,gidkl1r,
857:1,gidkn2d,
858:1,gidkrx5,
859:1,gidkuao,
861:1,gidl3sn,
862:1,gidl6pc,
863:1,gidlbae,
864:1,gidlevs,
865:1,gidllwx,
866:1,gidlmld,
867:1,gidlsiy,
874:2,gidmb3j,
878:1,gidmioj,
880:1,gidmoy2,
881:1,gidmqno,
883:1,gidmutw,
887:1,gidn595,
888:1,gidn5lp,
889:1,gidn7o6,
891:1,gidn8nq,
892:1,gidnarr,
898:1,gido1m8,
900:1,gido7r5,
901:1,gidoe4z,
902:1,gidofrk,
903:1,gidookw,
904:1,gidoozd,
905:1,gidopeg,
906:1,gidor8q,
906:2,gidor8q,
906:3,gidor8q,
908:1,gidorpr,
909:1,gidosws,
910:1,gidov40,
911:1,gidozav,
915:1,gidpkgn,
916:1,gidpkwz,
917:1,gidplc4,
918:1,gidpnox,
919:1,gidpp38,
920:1,gidq11u,
921:1,gidqb0k,
923:1,gidqc73,
925:1,gidqczr,
926:1,gidqdqr,
927:1,gidqgx5,
928:1,gidqis1,
929:1,gidql4p,
932:1,gidqyfl,
935:1,gidrdmz,
937:1,gidrku6,
938:1,gidrpd6,
939:1,gids0kk,
940:1,gids2az,
941:1,gids3js,
943:1,gids5ll,
944:1,gids92j,
946:1,gidsepw,
947:1,gidsevo,
947:2,gidsevo,
950:1,gidt0wn,
951:1,gidt56w,
954:1,gidtdpp,
955:1,gidth9p,
956:1,gidthak,
957:1,gidtq0g,
958:1,gidtr8m,
959:2,gidtsaz,
962:1,gidtyhi,
965:1,gidu7ni,
967:1,giduho2,
967:2,giduho2,
967:3,giduho2,
968:1,giduig6,
970:1,gidumk2,
971:1,gidun4m,
972:1,giduots,
973:1,gidusui,
974:1,gidutly,
976:1,giduvr2,
977:1,gidv75y,
978:1,gidvb70,
979:1,gidvcpe,
980:2,gidvhtj,
980:3,gidvhtj,
981:1,gidvpi3,
982:1,gidvrok,
983:1,gidvvm9,
984:1,gidvvns,
985:1,gidvwya,
986:1,gidvznj,
987:1,gidvzwi,
988:2,gidw180,
988:3,gidw180,
989:1,gidw4y4,
990:1,gidwesb,
991:1,gidwfpf,
992:1,gidwnoa,
995:1,gidwoz0,
997:1,gidwwcu,
998:1,gidwxt8,
999:1,gidxa5g,
1001:1,gidxmgs,
1002:1,gidxmqe,
1003:1,gidxnsw,
1004:1,gidxxxe,
1007:1,gidy3ls,
1008:1,gidy7en,
1009:1,gidycxm,
1011:1,gidyegw,
1013:1,gidyiqs,
1014:1,gidyl3l,
1015:1,gidynvn,
1016:1,gidyrka,
1017:1,gidyu3m,
1022:1,gidz8zw,
1023:1,gidzgpl,
1024:1,gidzhjo,
1026:1,gidzwbm,
1027:1,gidzz1o,
1030:1,gie07xu,
1033:1,gie0eml,
1036:1,gie0hgv,
1037:1,gie0ij4,
1038:1,gie0jur,
1039:1,gie0n19,
1039:2,gie0n19,
1039:3,gie0n19,
1039:4,gie0n19,
1039:5,gie0n19,
1039:6,gie0n19,
1039:7,gie0n19,
1039:8,gie0n19,
1039:9,gie0n19,
1039:10,gie0n19,
1039:11,gie0n19,
1039:12,gie0n19,
1039:13,gie0n19,
1039:14,gie0n19,
1039:15,gie0n19,
1039:16,gie0n19,
1039:17,gie0n19,
1039:18,gie0n19,
1039:19,gie0n19,
1039:20,gie0n19,
1039:21,gie0n19,
1039:22,gie0n19,
1039:23,gie0n19,
1039:24,gie0n19,
1039:25,gie0n19,
1039:26,gie0n19,
1039:27,gie0n19,
1039:28,gie0n19,
1039:29,gie0n19,
1039:30,gie0n19,
1039:31,gie0n19,
1039:32,gie0n19,
1039:33,gie0n19,
1039:34,gie0n19,
1039:35,gie0n19,
1040:1,gie0rj5,
1042:1,gie0u2d,
1043:1,gie0v01,
1044:1,gie0vow,
1046:1,gie1rhp,
1047:1,gie1rwq,
1048:1,gie1vwr,
1049:1,gie1xl2,
1051:1,gie204s,
1052:1,gif3o0h,
1053:1,gie217u,
1054:1,gie22jq,
1056:1,gie26p6,
1057:1,gie28k5,
1058:1,gie2bc3,
1059:1,gie2gqk,
1060:1,gie2jmp,
1062:1,gie2l7e,
1066:1,gie2thl,
1067:1,gie2ttd,
1068:1,gie2vnt,
1069:1,gie2wfn,
1070:1,gie2wj0,
1071:1,gie30nf,
1072:1,gie32d4,
1072:2,gie32d4,
1073:1,gie3730,
1075:1,gie3flv,
1076:1,gie3ksy,
1078:1,gie3ppi,
1079:1,gie3xk6,
1080:1,gie3z2z,
1081:1,gie41yu,
1082:1,gie46bm,
1083:1,gie4dr0,
1084:1,gie4f5i,
1085:1,gie4hgh,
1086:1,gie4i4n,
1090:1,gie4ny4,
1094:1,gie4y4l,
1096:1,gie5049,
1097:1,gie547u,
1098:1,gie5b4i,
1099:1,gie5mi9,
1101:1,gie5pml,
1102:1,gie5ro2,
1103:1,gie5sml,
1104:1,gie5srp,
1105:1,giefi4v,
1106:1,gie5uyu,
1108:1,gie5yhu,
1109:1,gie5zz0,
1115:1,gie6d46,
1116:1,gie6iaj,
1117:1,gie6j08,
1118:1,gie6w03,
1119:1,gie6zp8,
1120:1,gie70s5,
1122:1,gie74rv,
1123:1,gie79g8,
1123:2,gie79g8,
1124:1,gie7bfw,
1126:1,gie7dss,
1129:1,gie7uwo,
1133:1,gie875q,
1134:1,gie879c,
1135:1,gie88c5,
1136:1,gie8av8,
1137:1,gie8bja,
1137:2,gie8bja,
1138:1,gie8fnn,
1139:1,gie8h72,
1141:1,gie8noq,
1142:1,gie8zzl,
1143:1,gie90hk,
1144:1,gie910q,
1145:1,gie975z,
1146:1,gie9aso,
1147:1,gie9cuf,
1148:1,gie9sh9,
1150:1,gie9xgb,
1151:2,gie9xi5,
1152:1,gie9yd5,
1155:1,giea3oj,
1156:1,giea49a,
1157:1,giea62c,
1158:1,giea8ka,
1161:1,giead98,
1162:1,gieadqc,
1164:1,gieafbw,
1166:1,gieanpv,
1167:1,gieaosi,
1169:1,gieax7a,
1170:1,gieaykt,
1171:1,gieb07h,
1172:1,gieb1th,
1174:1,giebks0,
1176:1,giebp1w,
1177:1,giebqs0,
1178:1,giebtrk,
1179:1,giebusj,
1180:1,giebxtv,
1181:1,giebyqw,
1182:1,giec8k4,
1184:1,giecc2a,
1186:1,gieclr7,
1187:1,giecm5d,
1188:1,gied0hq,
1189:1,gied5uj,
1191:1,gied8rm,
1192:1,giksnoy,
1193:1,giedce4,
1194:1,gieddac,
1199:1,giedoiz,
1205:1,giee2xx,
1206:1,giee6em,
1207:1,giee7i5,
1210:1,gieecza,
1211:1,gieedg0,
1212:1,gieee4c,
1213:1,gieeghm,
1214:1,gieeif5,
1215:1,gieenac,
1216:1,gieeqpp,
1217:1,gieet1o,
1218:1,gieetmm,
1219:1,gieew5c,
1220:1,gieex6i,
1221:1,gieey0o,
1222:1,gieezmq,
1224:1,gief2b5,
1225:1,gief367,
1226:1,gief7t6,
1229:1,giefaxc,
1231:1,giefi62,
1232:1,giefijh,
1233:1,giefnag,
1234:1,gifclzs,
1235:1,giefntv,
1236:1,giefpui,
1237:1,giefqex,
1238:1,giefs6r,
1239:1,giefti8,
1240:1,giefv06,
1241:1,giefwg3,
1243:1,gieg4k8,
1244:1,giepp55,
1246:1,gieg68t,
1247:1,gieg7p4,
1248:1,gieg8yb,
1249:1,giegv35,
1250:1,gifrc0c,
1251:1,gifreo7,
1252:1,gifrgee,
1253:1,gifrkke,
1254:1,gifrqzp,
1255:1,gifrrus,
1256:1,gieg7ay,
1256:2,gieg7ay,
1257:1,gieg95v,
1258:1,gieg9yz,
1259:1,gif68kq,
1260:1,giegaaz,
1261:1,giegfxn,
1262:1,gieghmz,
1264:1,giegizd,
1265:1,giegkd3,
1266:1,gieglqk,
1267:1,giegq17,
1269:1,giegt9i,
1270:1,giegvly,
1271:1,giegwj9,
1274:1,gieh3gl,
1275:1,gieh42v,
1276:1,gieh499,
1279:1,gieh754,
1280:1,gieh8mh,
1281:1,gieh8sh,
1286:1,giehgjr,
1287:1,giehgzf,
1288:1,giehhkt,
1289:1,giehhoy,
1290:2,giehjsp,
1290:3,giehjsp,
1292:1,giehxm3,
1293:1,giehyon,
1299:1,gieienk,
1300:1,gieifn9,
1302:1,gieih7b,
1303:1,gieihql,
1303:2,gieihql,
1303:3,gieihql,
1304:1,gieihsz,
1305:1,gieik49,
1305:2,gieik49,
1306:1,gieikna,
1309:1,giej2ys,
1310:1,giej4dn,
1312:1,giej73f,
1313:1,giejbvp,
1313:2,giejbvp,
1313:4,giejbvp,
1315:1,giejhas,
1316:1,giejhoo,
1317:1,gieji1m,
1317:2,gieji1m,
1318:1,giejkc5,
1319:1,giejozf,
1320:1,giejpnb,
1321:1,giejtvo,
1323:1,giejufu,
1324:1,giejvc2,
1325:1,giejw1u,
1326:1,giejx5s,
1330:1,giek1wb,
1330:2,giek1wb,
1330:3,giek1wb,
1331:1,giek60s,
1335:1,giek8ob,
1336:1,giek8ro,
1336:2,giek8ro,
1337:1,giekasj,
1338:1,giekb1k,
1338:4,giekb1k,
1338:5,giekb1k,
1340:1,gieki9o,
1341:1,gieko10,
1341:2,gieko10,
1342:1,giekrsk,
1343:1,giel3lc,
1344:1,giel3rh,
1345:1,giel4kz,
1346:1,giela6v,
1347:1,gieldzd,
1349:1,gielwq4,
1351:1,giem2um,
1353:1,giemigs,
1354:1,giemoki,
1358:1,giemzue,
1358:2,giemzue,
1359:1,gien8z8,
1362:1,gienq2o,
1363:1,gieodn9,
1363:3,gieodn9,
1364:1,gieouj4,
1368:1,giepjxx,
1368:2,giepjxx,
1370:1,giepkli,
1370:2,giepkli,
1370:3,giepkli,
1370:4,giepkli,
1370:5,giepkli,
1372:1,giepmhd,
1373:1,giepr8u,
1374:1,giepuo2,
1376:1,gieq0lw,
1377:1,gieq303,
1379:1,gieqeh5,
1383:1,gieqn96,
1384:1,gieqt62,
1385:1,gieqtec,
1385:2,gieqtec,
1386:1,gieqxy9,
1388:1,gier6o7,
1389:1,gier77k,
1391:1,gier8x7,
1392:1,giera4a,
1392:2,giera4a,
1393:1,gierckn,
1394:1,giercll,
1395:1,gierg5g,
1396:1,gierkgz,
1397:1,gierlbs,
1398:1,giermtd,
1399:1,gierpkk,
1401:1,giert6l,
1403:1,gies5aq,
1404:4,giesanc,
1404:5,giesanc,
1405:1,giesiv5,
1405:2,giesiv5,
1406:1,giesj5y,
1408:1,giesn9o,
1409:1,giesunh,
1410:1,giet17s,
1411:1,gietoa4,
1412:1,gietrhm,
1413:1,gieu1pp,
1414:1,gieu2mu,
1416:1,gieu7bt,
1418:1,gieuhbr,
1418:2,gieuhbr,
1420:1,gieuqzg,
1426:1,gievevt,
1427:1,gievey0,
1429:1,gievfh9,
1430:1,gievgbx,
1433:1,gievmi3,
1434:1,gievwit,
1434:2,gievwit,
1437:1,giewdzt,
1439:1,giewo7h,
1440:1,giewqq7,
1441:1,giewt68,
1442:1,giex2j2,
1443:1,giex4q7,
1444:1,giex8gj,
1445:1,giexghs,
1446:1,giexib4,
1447:1,giexoha,
1448:1,giextdm,
1450:1,giey8tx,
1451:1,gieydt8,
1452:1,gieyu4l,
1453:1,giez0wd,
1454:1,giez3on,
1455:1,giez6lc,
1459:1,giezvwj,
1460:1,gif04zl,
1461:1,gif050v,
1462:2,gif0aop,
1463:1,gif0iif,
1470:1,gif1doy,
1472:1,gif1yij,
1473:1,gif22ms,
1474:1,gif3nx9,
1475:1,gif24b7,
1480:1,gif2rhq,
1481:1,gif2vgv,
1487:1,gif3vok,
1488:1,gif3vwd,
1489:1,gif40yp,
1494:1,gif4hob,
1494:2,gif4hob,
1494:3,gif4hob,
1494:4,gif4hob,
1494:5,gif4hob,
1495:1,gif4onz,
1495:2,gif4onz,
1495:3,gif4onz,
1495:4,gif4onz,
1495:5,gif4onz,
1495:6,gif4onz,
1495:7,gif4onz,
1495:8,gif4onz,
1495:9,gif4onz,
1495:10,gif4onz,
1495:11,gif4onz,
1495:12,gif4onz,
1495:13,gif4onz,
1495:14,gif4onz,
1495:15,gif4onz,
1495:16,gif4onz,
1495:17,gif4onz,
1495:18,gif4onz,
1495:19,gif4onz,
1495:20,gif4onz,
1495:21,gif4onz,
1496:1,gif4qhx,
1500:1,gif58ty,
1501:1,gif5btq,
1502:1,gif5cx6,
1502:2,gif5cx6,
1502:3,gif5cx6,
1503:1,gif5f6n,
1505:1,gif5jx4,
1507:1,gif5rni,
1508:1,gif5vqy,
1509:1,gif5xpa,
1510:1,gif5w33,
1512:1,gif65c4,
1513:1,gif65wz,
1514:1,gif68kr,
1516:1,gif6h3u,
1517:1,gif6l2h,
1519:1,gif6o2b,
1520:1,gif6oii,
1521:1,gif6op3,
1523:1,gif6zcf,
1526:1,gif7l5a,
1527:1,gif7nnx,
1528:1,gif7ojd,
1529:1,gif7ph4,
1533:1,gif7x40,
1534:1,gif7xsw,
1540:1,gif8jva,
1542:2,gif8pmb,
1543:1,gifiwuf,
1547:1,gif94w9,
1548:1,gif9avz,
1551:1,gif9pzp,
1553:1,gif9qsq,
1554:1,gifa1sg,
1558:1,gifa8r6,
1559:1,gifa8sj,
1560:1,gifaa08,
1561:1,gifacjf,
1563:1,gifashi,
1564:1,gifatzk,
1567:1,gifb4hx,
1568:1,gifbith,
1569:1,gifc0yn,
1570:1,gifc4vc,
1571:1,gifc5ps,
1572:1,gifcbpl,
1573:1,gifcgk4,
1574:1,gifchn0,
1575:1,gifcmqk,
1576:1,gifcqoe,
1577:1,gifcug5,
1578:1,gifcw2v,
1582:1,gifdulx,
1584:1,gife23s,
1586:1,gife90x,
1588:1,gifefe3,
1590:1,gifej4e,
1592:1,gifeo8b,
1595:1,gifexrm,
1596:1,gifeziw,
1598:1,giff2t8,
1601:1,giffryt,
1602:1,giffsec,
1603:1,giffw3c,
1604:1,giffwb0,
1605:1,giffwok,
1606:1,gifg252,
1607:1,gifg2qj,
1608:1,gifg2sy,
1609:1,gifg606,
1611:1,gifgdhx,
1612:1,gifgevf,
1613:1,gifgjhr,
1614:1,gifgkwh,
1615:1,gifglzl,
1616:1,gifgp2m,
1620:1,gifhgwk,
1622:1,gifhmv9,
1626:1,gifi0ep,
1627:1,gifi0ze,
1628:1,gifi21p,
1629:1,gifi31l,
1630:1,gifi3jc,
1632:1,gifi9zv,
1633:1,gifinqh,
1634:1,gifipai,
1635:1,gifivgh,
1636:1,gifizfl,
1637:1,gifj3hn,
1638:1,gifj5pk,
1640:1,gifjbcq,
1641:1,gifjuj6,
1642:1,gifjvc0,
1644:1,gifk518,
1645:1,gifk53o,
1646:1,gifkadr,
1647:1,gifkbzd,
1649:1,gifkp1n,
1650:1,gifkteo,
1652:1,gifkxbd,
1654:1,giflnvv,
1655:1,giflouc,
1657:1,giflxdr,
1659:1,gifm1xe,
1660:1,gifm2aw,
1661:1,gifmaje,
1661:2,gifmaje,
1661:3,gifmaje,
1662:1,gifmbld,
1664:1,gifmyu3,
1665:1,gifn0lg,
1666:1,gifn10u,
1667:1,gifn179,
1668:1,gifn682,
1669:1,gifna5v,
1670:1,gifnc8n,
1671:1,gifnlpv,
1674:1,gifnwwa,
1676:1,gifo9el,
1677:1,gifoh8a,
1679:1,gifp0et,
1680:1,gifp1bt,
1682:1,gifp4tf,
1683:1,gifp7vt,
1684:1,gifpebv,
1685:1,gifph6b,
1686:1,gifpj10,
1686:2,gifpj10,
1686:3,gifpj10,
1686:4,gifpj10,
1688:1,gifpssc,
1688:2,gifpssc,
1691:1,gifr46j,
1692:1,gifrcwv,
1693:1,gifrgek,
1694:1,gifrk6i,
1695:1,gifrmbq,
1696:1,gifrp7y,
1697:1,gifrpya,
1698:1,gifrq6k,
1699:1,gifrsyy,
1700:1,gifrv7i,
1701:1,gifrx4n,
1702:1,gifryfx,
1703:1,gifrzw7,
1704:1,gifryy4,
1707:1,gifs50i,
1707:2,gifs50i,
1707:3,gifs50i,
1709:1,gifs87t,
1710:1,gifs9hx,
1711:1,gifse2p,
1712:1,gifsnnr,
1713:1,gift1j3,
1714:1,giftnyl,
1715:1,giftuq4,
1716:1,gifu0eh,
1717:1,gifu1by,
1718:1,gifua0j,
1720:1,gifuhcg,
1720:2,gifuhcg,
1721:1,gifupxu,
1722:1,gifurmm,
1722:2,gifurmm,
1723:1,gifv036,
1724:1,gifv2eo,
1724:2,gifv2eo,
1725:1,gifv34w,
1726:1,gifv41l,
1727:1,gifv7bo,
1728:1,gifvasm,
1732:1,gifvup1,
1733:2,gifvvd4,
1734:2,gifwf1m,
1735:1,gifwmpv,
1736:1,gifwstt,
1737:1,gifwzkf,
1738:1,gifx8fb,
1740:1,gifxkyk,
1740:2,gifxkyk,
1741:1,gifxuio,
1744:1,gifyn70,
1745:1,gifzq4v,
1748:1,gig0mkw,
1749:1,gig0ytj,
1750:1,gig13k2,
1751:1,gig1lzg,
1752:1,gig1mod,
1754:1,gig1tgz,
1755:1,gig20dl,
1756:1,gig25ma,
1758:1,gig2crg,
1759:1,gig2hbz,
1761:1,gig2wm4,
1763:1,gig394r,
1765:1,gig3qxp,
1769:1,gig6m58,
1770:1,gig6rip,
1771:1,gig6xgs,
1773:1,gig73lo,
1774:1,gig7592,
1775:1,gig7bes,
1778:1,gig7rpl,
1779:1,gig7s1k,
1781:1,gig7xd8,
1782:1,gig80ei,
1784:1,gig8lae,
1786:1,gig8p68,
1790:1,gig920y,
1792:1,gig9kxo,
1793:1,gig9t2h,
1796:1,gigad9p,
1797:1,gigawez,
1797:2,gigawez,
1798:1,gigblif,
1799:1,gigc2yi,
1800:1,gigcb0v,
1801:1,gigd9bq,
1802:1,gigdzr9,
1802:2,gigdzr9,
1802:3,gigdzr9,
1803:1,gige77e,
1805:1,gigees1,
1806:1,gigefy4,
1807:1,gigej85,
1809:1,gigewiw,
1811:1,gigfv68,
1812:1,giggakp,
1818:1,gigh918,
1819:1,gigha7i,
1822:1,gighgkf,
1827:1,gigiofb,
1830:1,gigjkgg,
1833:1,gigkhnj,
1838:1,gigmrea,
1839:1,gigmua2,
1840:1,gigmxd4,
1846:1,gignfyw,
1849:1,gigo6by,
1858:1,gigq7dc,
1859:1,gigquom,
1863:1,gigrrre,
1864:1,gigs2jx,
1866:1,gigs4sn,
1869:1,gigslue,
1871:1,gigstj8,
1872:1,gigt8w0,
1873:1,gigtlto,
1877:1,gigupqh,
1879:1,gigutbz,
1883:1,gigw5yx,
1884:1,gigw96h,
1884:2,gigw96h,
1886:1,gigwxip,
1889:1,gigxmtw,
1890:1,gigxos3,
1891:1,gigxsan,
1893:1,gigycvv,
1894:1,gigyhli,
1895:1,gigz0dh,
1896:1,gigzm1z,
1900:1,gih06qz,
1901:1,gih0xz0,
1902:1,gih18e6,
1903:1,gih1a27,
1904:1,gih1cum,
1905:1,gih1uef,
1906:1,gih1w1t,
1907:1,gih1wbx,
1908:1,gih3c3j,
1908:2,gih3c3j,
1908:3,gih3c3j,
1908:4,gih3c3j,
1909:1,gih433w,
1914:1,gih4jk2,
1915:1,gih4lrs,
1915:2,gih4lrs,
1915:3,gih4lrs,
1918:1,gih50ar,
1921:1,gih6ngw,
1921:2,gih6ngw,
1923:1,gih8ifx,
1930:1,gihaxj8,
1931:1,gihbbug,
1932:1,gihbh7d,
1934:1,gihbrq4,
1935:1,gihc38h,
1935:2,gihc38h,
1936:1,gihc7zk,
1936:2,gihc7zk,
1938:1,gihcypa,
1939:1,gihd37z,
1941:1,gihd9sd,
1942:1,gihdw6j,
1943:1,gihh7gn,
1944:1,gihhdi9,
1948:1,gihjyqj,
1949:1,gihk3t5,
1950:1,gihk7fs,
1951:1,gihkc21,
1954:1,gihks5f,
1957:1,gihmmt3,
1958:1,gihmt0s,
1959:1,gihn6bj,
1960:1,gihn750,
1961:1,giho29r,
1962:1,giho4js,
1963:1,giho2y2,
1964:1,giho5y0,
1966:1,gihon9m,
1967:1,gihonqm,
1968:1,gihpm0b,
1969:1,gihqw38,
1970:1,gihr6i6,
1971:1,gihrgmv,
1972:1,gihrx95,
1972:2,gihrx95,
1973:1,gihs0yc,
1975:1,gihs6ix,
1976:1,gihscr5,
1978:1,gihse9s,
1978:2,gihse9s,
1978:3,gihse9s,
1982:1,gihssmh,
1983:1,gihsuxj,
1985:1,gihsz5v,
1986:1,giht2bg,
1987:1,gihte8o,
1989:1,gihtww0,
1989:2,gihtww0,
1991:1,gihu9ae,
1991:2,gihu9ae,
1993:1,gihuo94,
1993:2,gihuo94,
2000:1,gihx097,
2000:2,gihx097,
2001:1,gihxcqu,
2002:1,gihxlmg,
2003:1,gihxryo,
2004:1,gihy7aa,
2005:1,gihyyp6,
2005:2,gihyyp6,
2007:1,gihz4v2,
2007:2,gihz4v2,
2008:1,gihze3j,
2010:1,gihzuef,
2011:1,gii0fjx,
2013:1,gii0v5t,
2015:1,gii17if,
2016:1,gii1bly,
2017:1,gii1eup,
2018:1,gii25r4,
2019:1,gii2a6z,
2020:1,gii32f1,
2020:2,gii32f1,
2027:1,gii7d8k,
2028:1,gii81ej,
2029:1,gii8goa,
2030:1,gii8h1f,
2031:1,gii9im6,
2032:1,gii9r57,
2033:2,giia4n6,
2035:1,giiby42,
2036:1,giic1wu,
2040:1,giie38u,
2041:1,giie4y6,
2042:1,giif1pe,
2043:1,giif2ih,
2044:1,giifm22,
2045:1,giifnij,
2046:1,giifraw,
2048:2,giig4r0,
2049:1,giig4tr,
2050:1,giigd6a,
2052:1,giigny9,
2054:1,giih6ic,
2055:1,giih7qi,
2056:1,giihifm,
2057:1,giihk3k,
2058:1,giihw5k,
2059:1,giii0iq,
2061:1,giiirw2,
2061:2,giiirw2,
2063:1,giijdvc,
2064:1,giijjr2,
2067:1,giik2y9,
2067:2,giik2y9,
2068:1,giikedu,
2070:1,giikt4e,
2071:1,giiktwj,
2072:1,giil3cx,
2074:1,giilgwz,
2075:1,giilpct,
2076:1,giilrt9,
2077:1,giilu5w,
2078:1,giim5o8,
2079:1,giim7a7,
2080:1,giimglc,
2081:1,giimn4c,
2082:1,giimp72,
2084:1,giin8t1,
2085:1,giiogrx,
2085:2,giiogrx,
2086:1,giiottx,
2088:1,giip0b0,
2089:1,giip75h,
2095:1,giiqyto,
2096:1,giireuk,
2097:1,giishj0,
2099:1,giisr7h,
2100:1,giiufex,
2102:1,giiux2r,
2103:1,giivyh4,
2103:2,giivyh4,
2104:1,giiw2j1,
2104:2,giiw2j1,
2106:1,giixt5q,
2107:1,giixuwv,
2108:1,giiy2xq,
2109:1,giiy9xl,
2109:2,giiy9xl,
2110:1,giiyjj0,
2111:1,giiyn2j,
2112:1,giiz22c,
2113:1,giiz2qa,
2114:1,giiz3mv,
2115:1,giiz8wu,
2116:1,giizinn,
2119:1,gij12pv,
2120:1,gij1f9g,
2120:2,gij1f9g,
2120:3,gij1f9g,
2122:1,gij3qsw,
2123:1,gij3sc3,
2124:1,gij4vm5,
2125:1,gij5e1l,
2126:1,gij6a16,
2127:1,gij6k3c,
2128:1,gij7awm,
2129:1,gij8iks,
2131:1,gija6vs,
2132:1,gijbmrx,
2133:1,gijboex,
2134:1,gijbzfm,
2135:1,gijcgyy,
2136:1,gijd8yb,
2139:1,gijedm5,
2141:1,gijgusc,
2142:1,gijh0in,
2144:1,giji5yz,
2145:1,giji9yv,
2146:1,gijiex1,
2147:1,gijiqxe,
2149:1,gijjtez,
2150:1,gijkocf,
2151:1,gijl7cx,
2152:1,gijlgel,
2153:1,gijn39c,
2156:1,gijqfdb,
2157:1,gijqgdf,
2158:1,gijri9w,
2159:1,gijrke0,
2160:1,gijrqfo,
2161:1,gijrviq,
2162:1,gijseo0,
2163:1,gijsqvd,
2164:1,gijtbyq,
2166:1,gijw468,
2166:2,gijw468,
2167:1,gijw5dw,
2168:1,gijw9cs,
2169:1,gijwhip,
2170:1,gijwj7o,
2172:1,gijxh7t,
2173:1,gijxjkj,
2174:1,gijy4d9,
2175:1,gijy5mu,
2178:1,gijzjr4,
2179:1,gik04nt,
2180:1,gik0xq7,
2180:2,gik0xq7,
2181:1,gik1xuu,
2182:1,gik21f6,
2183:1,gik3ngi,
2184:1,gik43bl,
2185:1,gik4i1k,
2186:1,gik4vh8,
2188:1,gik58lq,
2190:1,gik5n7g,
2192:1,gik868e,
2193:1,gik8hxa,
2194:1,gik8jfn,
2196:1,gik9jn1,
2197:1,gik9sf5,
2198:1,gika4g0,
2199:1,gikbvre,
2200:1,gikc409,
2201:1,gikcnqb,
2202:1,gikd8me,
2203:1,gikdpl1,
2204:1,gikdpz9,
2205:1,gikdv1j,
2206:1,gike3o3,
2207:1,gikf04u,
2209:1,gikfz1j,
2210:1,gikheij,
2211:1,gikhlth,
2212:1,gikhz5q,
2213:1,gikj30t,
2214:1,gikjbdp,
2215:1,gikkc72,
2216:1,giklrsm,
2217:1,gikmqf0,
2218:1,gikobu6,
2218:2,gikobu6,
2218:3,gikobu6,
2218:4,gikobu6,
2218:5,gikobu6,
2220:1,gikp9i4,
2221:1,gikpk0a,
2222:1,gikpoax,
2223:1,gikqgfn,
2223:2,gikqgfn,
2224:1,gikqvbl,
2224:2,gikqvbl,
2225:1,gikrn50,
2228:1,giksion,
2230:1,gikuayw,
2232:1,gikwfob,
2233:1,gikwu9m,
2234:1,gikxmrd,
2235:1,gikyi71,
2236:1,gikzqag,
2237:1,gil0ebc,
2238:1,gil28ay,
2244:1,gil4nhf,
2244:2,gil4nhf,
2244:3,gil4nhf,
2244:4,gil4nhf,
2244:5,gil4nhf,
2244:6,gil4nhf,
2246:1,gil85io,
2250:1,gila25l,
2253:1,gilbmai,
2254:1,gilbsto,
2254:2,gilbsto,
2255:1,gilbwqs,
2257:1,gild3or,
2258:1,gild5ko,
2259:1,gildfnk,
2261:1,gilebs6,
2262:1,giledy2,
2263:1,gilelib,
2264:1,gilfalq,
2265:1,gilfexs,
2266:1,gilfftp,
2267:1,gilgl8y,
2270:1,gilk7a9,
2270:2,gilk7a9,
2270:3,gilk7a9,
2272:1,gilogor,
2273:1,gilolav,
2274:1,gilop5z,
2275:1,gilovlj,
2276:1,gilpqvy,
2277:1,gilr26x,
2278:1,gilr2mk,
2279:1,gilrodu,
2280:1,gilsovc,
2281:1,gilswlp,
2282:1,gilt5vc,
2283:1,gilv1ss,
2285:1,gilvxen,
2286:1,gilw64t,
2289:1,gilwauj,
2291:1,gilxatb,
2293:1,gily85x,
2299:1,gim26na,
2301:1,gim56xs,
2306:1,gim7cvq,
2307:1,gimanzq,
2309:1,gimcenn,
2310:1,gimdxd6,
2311:1,gimff33,
2313:1,gimh0ey,
2315:1,gimioht,
2315:2,gimioht,
2315:3,gimioht,
2317:1,gimkf1u,
2318:1,gimr5pr,
2319:1,gimrnex,
2320:1,gimrv01,
2321:1,gimsm4n,
2323:1,gimu085,
2325:1,gimvvqh,
2327:1,gimz62r,
2333:1,gin035z,
2335:1,gin07uw,
2337:1,gin5djo,
2338:1,gin9gam,
2339:1,ginatf5,
2340:1,gingbsu,
2341:1,ginkm1k,
2342:1,ginoq01,
2342:2,ginoq01,
2343:1,ginqep5,
2344:1,ginr9dm,
2346:1,ginri15,
2349:1,gins225,
2354:1,ginz21l,
2355:1,ginzjds,
2356:1,ginzuzr,
2357:1,gio1w2q,
2358:1,gio21uw,
2359:1,gio38nt,
2360:1,gio4i0h,
2361:1,gio6vx3,
2361:2,gio6vx3,
2361:3,gio6vx3,
2362:1,gio89as,
2364:1,gio8z9t,
2365:1,giob1p4,
2367:1,gioc3oi,
2368:1,giog15b,
2369:1,gioijzs,
2373:1,gionevz,
2378:1,gioppst,
2382:1,giotral,
2383:1,gioyvq0,
2384:1,gip04qx,
2385:1,gip0dzk,
2386:1,gip10af,
2387:1,gip16ab,
2388:1,gip1vpv,
2391:1,gip2e90,
2392:1,gip2q7q,
2395:1,gipaunr,
2396:1,gipfaa7,
2397:1,gipfm12,
2398:1,gipgpb1,
2399:1,gipgsqy,
2400:1,gipgvun,
2401:1,gipgwzc,
2402:1,gipgxf7,
2404:1,gipow1p,
2405:1,giprj5d,
2406:1,giprne3,
2407:1,giq0hr3,
2408:1,giq365a,
2409:1,giq3yjk,
2410:1,giq46ua,
2412:1,giq81ca,
2413:1,giq88ja,
2413:2,giq88ja,
2413:3,giq88ja,
2413:4,giq88ja,
2415:1,giq9s7g,
2416:1,giqc61q,
2417:1,giqdaye,
2418:1,giqegkl,
2419:1,giqg87q,
2420:1,giqhcjv,
2421:1,giqhijz,
2422:1,giqknh3,
2423:1,giqlqrk,
2424:1,giqocb6,
2424:2,giqocb6,
2425:1,giqownm,
2426:1,giqpmxm,
2428:1,giqslqf,
2428:2,giqslqf,
2429:1,giqw880,
2430:1,giqzi50,
2431:1,giqzs5s,
2432:1,giqztm4,
2434:1,gir4diz,
2437:1,girblu6,
2438:1,girc79p,
2438:2,girc79p,
2439:1,gircoe2,
2439:2,gircoe2,
2441:1,girei8o,
2443:1,girgb4m,
2445:1,girjpnu,
2447:1,giroia8,
2458:1,girruyw,
2460:1,girvk3i,
2461:1,girwdwa,
2461:2,girwdwa,
2461:3,girwdwa,
2462:1,girxqqw,
2466:1,gis2wr1,
2468:1,gis47zy,
2471:1,gis7lmy,
2477:1,gisfv1h,
2479:1,gisj5rd,
2481:1,gisjz59,
2482:1,giskf2d,
2483:1,gisl2ct,
2485:1,gisn9cd,
2488:1,gispy8t,
2489:1,gisqjcc,
2490:1,gisqoo1,
2491:1,gisrq0p,
2493:1,gissl96,
2494:1,gissudf,
2495:1,gistcqs,
2496:1,gisv6vb,
2497:1,gisvv1r,
2498:1,gisw2c4,
2500:1,gisx7ql,
2501:1,gisz8xf,
2502:1,giszgks,
2503:1,giszux6,
2505:1,git1btu,
2506:1,git1zas,
2507:1,git2zeu,
2509:1,git4ae1,
2510:1,git4mjs,
2512:1,git757i,
2513:1,git85qh,
2514:1,git99ab,
2515:1,git99tv,
2517:1,gitc2gq,
2518:1,gitcm75,
2519:1,gitd8un,
2520:1,gitdoez,
2521:1,gite4gk,
2522:1,gite8zw,
2524:1,gitem8n,
2525:1,gith17d,
2526:1,githa8w,
2527:1,githkde,
2528:1,gitl257,
2530:1,gitmz6w,
2531:1,gitq5rd,
2533:1,gitr90h,
2535:1,gitsfm2,
2537:1,gitt4fi,
2538:1,gitu4pm,
2538:2,gitu4pm,
2538:3,gitu4pm,
2538:4,gitu4pm,
2538:5,gitu4pm,
2538:6,gitu4pm,
2538:7,gitu4pm,
2539:1,gityyu1,
2540:1,giu3wff,
2541:1,giu42on,
2542:1,giu4igr,
2543:1,giu4ome,
2544:1,giu4tp5,
2545:1,giu580t,
2546:1,giu63nr,
2547:1,giu6e2x,
2548:1,giu6i0t,
2549:1,giu75sv,
2550:1,giu7pvc,
2551:1,giu7tl1,
2553:1,giu91gv,
2555:1,giubqqe,
2556:1,giubw3a,
2557:1,giucl9q,
2559:1,giudpa0,
2560:1,giufo3x,
2561:1,giui625,
2562:1,giui8wn,
2566:1,giul95t,
2567:1,giumpfg,
2568:1,giuohu3,
2570:1,giutl9f,
2571:1,giv0kjn,
2573:1,givd8oo,
2576:1,givkugk,
2577:1,givnf3k,
2578:1,givnxru,
2579:1,givny9k,
2580:1,givoghz,
2581:1,givyw09,
2582:1,giw69sv,
2583:1,giwekv7,
2583:2,giwekv7,
2585:1,giwgp1w,
2586:1,giwn47l,
2587:1,giwo24o,
2587:2,giwo24o,
2587:3,giwo24o,
2589:1,giwrsac,
2590:1,giwrunz,
2591:1,giwrvp1,
2592:1,giwxo63,
2593:1,gixdmr6,
2594:1,gixpzkm,
2595:1,gixx9iw,
2596:1,giy4012,
2598:1,giydtgh,
2599:1,giytp66,
2600:1,giyusbo,
2601:1,giyx13v,
2603:1,giz9uub,
2604:1,gize5bu,
2605:1,gizfrmp,
2606:1,gizhpr9,
2608:1,gj019fr,
2609:1,gj04s7c,
2610:1,gj0aaes,
2611:1,gj0agjr,
2612:1,gj0b26l,
2613:1,gj0ar1y,
2616:1,gj0rny7,
2617:1,gj0ysgi,
2618:1,gj0zj8e,
2619:1,gj13eco,
2621:1,gj15q9p,
2622:1,gj1awkr,
2623:1,gj1fhti,
2626:1,gj1q9ub,
2629:1,gj224tv,
2630:1,gj22p83,
2631:1,gj22vop,
2632:1,gj23bt4,
2633:1,gj242ii,
2634:1,gj27se8,
2635:1,gj27v4x,
2636:1,gj2zijp,
2637:1,gj3gu7r,
2638:1,gj36kaf,
2639:1,gj3bd1o,
2640:1,gj3cpvm,
2641:1,gj3gun1,
2643:1,gj3gwok,
2644:1,gj3hadt,
2645:1,gj3hefg,
2646:1,gj3ibdn,
2647:1,gj3jsfx,
2647:2,gj3jsfx,
2648:1,gj3tesc,
2649:1,gj4ggcm,
2650:1,gj4h6k8,
2651:1,gj4nrbl,
2652:1,gj4p7rx,
2654:1,gj4qnyd,
2655:1,gj4st4e,
2656:1,gj4ym1i,
2657:1,gj51wek,
2658:1,gj54oi8,
2659:1,gj555yn,
2660:1,gj562zx,
2661:1,gj5amzu,
2662:1,gj5dkm0,
2663:1,gj5ii6q,
2664:1,gj5iv2b,
2665:1,gj5jx44,
2666:1,gj5xvra,
2666:2,gj5xvra,
2667:1,gj6bj39,
2668:1,gj6l6g5,
2669:1,gj6sowm,
2670:1,gj6sweb,
2672:1,gj71w6f,
2673:1,gj72c23,
2674:1,gj72lbx,
2675:1,gj7i7zd,
2677:1,gj7mhh1,
2679:1,gj7q0g1,
2680:1,gj7qqy3,
2683:1,gj7svvm,
2684:1,gj7szll,
2685:1,gj826fz,
2689:1,gj8oil7,
2690:1,gj8r9lx,
2692:1,gj92izo,
2694:1,gj9bpyn,
2695:1,gj9kjrd,
2696:1,gj9ugfa,
2697:1,gjaomdn,
2698:1,gj9kl7o,
2699:1,gj9nzcb,
2700:1,gj9ti90,
2701:1,gj9ucvo,
2703:1,gja9967,
2704:1,gjaaoiy,
2705:1,gjaaoss,
2706:1,gjaitwz,
2706:2,gjaitwz,
2706:3,gjaitwz,
2707:1,gjax9d8,
2708:1,gjb044y,
2709:1,gjb08vf,
2711:1,gjb1f5p,
2712:1,gjb4z7e,
2714:1,gjbga6n,
2716:1,gjblfgf,
2717:1,gjblv7q,
2718:1,gjbn3lj,
2719:1,gjbnv58,
2720:1,gjccmik,
2721:1,gjdrtu6,
2722:1,gjdt930,
2723:1,gjdw47n,
2723:2,gjdw47n,
2727:1,gjfteh2,
2728:1,gjg7i4u,
2729:1,gjh1w88,
2730:1,gjh8qu1,
2731:1,gjh9xql,
2732:1,gjhahml,
2732:2,gjhahml,
2734:1,gjhee1b,
2735:1,gjhiz0p,
2736:1,gjhpikn,
2737:1,gjhpzgu,
2738:1,gji1rcq,
2739:2,gjik65r,
2740:1,gjinbeh,
2741:1,gjjjkuf,
2741:2,gjjjkuf,
2741:3,gjjjkuf,
2741:4,gjjjkuf,
2741:5,gjjjkuf,
2741:6,gjjjkuf,
2743:1,gjjk03t,
2745:1,gjkmh64,
2746:1,gjm86x0,
2747:1,gjmuame,
2748:1,gjo6gs2,
2750:1,gjp8ng2,
2753:1,gjqcp72,
2754:1,gjrzaar,
2756:1,gjsua5t,
2757:1,gjt4y1c,
2759:1,gjued8h,
2760:1,gjuhc76,
2761:1,gjwjwrm,
2762:1,gk0q876,
2766:1,gk4ku68,
2767:1,gkeanyt,
2771:1,gkoqefa,
2772:1,gkoqkf7,
2773:1,gktbpw2,
2775:1,gl5zdiy,
2777:1,glxc6qj,
2778:1,glyacci,
2779:1,gm2w7q7,
2781:1,gmlvl05,
2782:1,gmskka5,
2783:1,gmsmpwi,
2786:1,gn5r145,
2787:1,gnv7fh7,
2788:1,gny4rgf,
